{"cameraMode":{"drawMode":0,"name":"Shaded","section":"Shading Mode"},"sceneLighting":false,"audioPlay":false,"sceneViewState":{"showFog":true,"showMaterialUpdate":false,"showSkybox":false,"showFlares":true,"showImageEffects":true,"showParticleSystems":true},"in2DMode":false,"pivot":{"x":422.61474609375,"y":131.54150390625,"z":8.3125},"rotation":{"x":-0.007499390281736851,"y":-0.011999374255537987,"z":-0.00008999701094580814,"w":0.9998999238014221},"size":138.9305877685547,"orthographic":true}