{"cameraMode":{"drawMode":0,"name":"Shaded","section":"Shading Mode"},"sceneLighting":false,"audioPlay":false,"sceneViewState":{"showFog":true,"showMaterialUpdate":false,"showSkybox":false,"showFlares":true,"showImageEffects":true,"showParticleSystems":true},"in2DMode":false,"pivot":{"x":370.4000244140625,"y":206.4000244140625,"z":0.0},"rotation":{"x":0.03896218165755272,"y":0.037462856620550159,"z":-0.001461952575482428,"w":0.9985371232032776},"size":685.3475952148438,"orthographic":true}