{"cameraMode":{"drawMode":0,"name":"Shaded","section":"Shading Mode"},"sceneLighting":false,"audioPlay":false,"sceneViewState":{"showFog":true,"showMaterialUpdate":false,"showSkybox":false,"showFlares":true,"showImageEffects":true,"showParticleSystems":true},"in2DMode":false,"pivot":{"x":496.374267578125,"y":259.8131408691406,"z":-1.68194580078125},"rotation":{"x":0.0059999809600412849,"y":0.0014999019913375378,"z":0.000008999792953545693,"w":-0.9999808669090271},"size":22.0,"orthographic":true}