{"cameraMode":{"drawMode":0,"name":"Shaded","section":"Shading Mode"},"sceneLighting":false,"audioPlay":false,"sceneViewState":{"showFog":true,"showMaterialUpdate":false,"showSkybox":false,"showFlares":true,"showImageEffects":true,"showParticleSystems":true},"in2DMode":false,"pivot":{"x":477.228515625,"y":241.0597686767578,"z":1.625},"rotation":{"x":0.0014999910490587354,"y":-0.004203796852380037,"z":0.0000062919684751250319,"w":0.9999900460243225},"size":22.989999771118165,"orthographic":true}